{
  "clock_ticks_per_second": 100,
  "runs": [
    {
      "run_index": 1,
      "wall_s": 3.9252609168179333,
      "app_cpu_s": 0.0,
      "model_cpu_s": 30.62,
      "combined_cpu_s": 30.62,
      "app_average_cores": 0.0,
      "model_average_cores": 7.800755325284854,
      "combined_average_cores": 7.800755325284854,
      "first_text_ms": 345.7181667909026,
      "first_audio_ms": 435.15274999663234,
      "total_ms": 3925.2609168179333
    },
    {
      "run_index": 2,
      "wall_s": 4.2228695419617,
      "app_cpu_s": 0.0,
      "model_cpu_s": 33.19,
      "combined_cpu_s": 33.19,
      "app_average_cores": 0.0,
      "model_average_cores": 7.859584500586266,
      "combined_average_cores": 7.859584500586266,
      "first_text_ms": 358.261332847178,
      "first_audio_ms": 453.0513328500092,
      "total_ms": 4222.8695419617
    },
    {
      "run_index": 3,
      "wall_s": 4.255998749751598,
      "app_cpu_s": 0.0,
      "model_cpu_s": 33.49,
      "combined_cpu_s": 33.49,
      "app_average_cores": 0.0,
      "model_average_cores": 7.868893289020504,
      "combined_average_cores": 7.868893289020504,
      "first_text_ms": 345.84891609847546,
      "first_audio_ms": 430.3547078743577,
      "total_ms": 4255.998749751598
    }
  ],
  "median_model_average_cores": 7.859584500586266,
  "median_app_average_cores": 0.0,
  "median_combined_average_cores": 7.859584500586266,
  "max_combined_average_cores": 7.868893289020504
}
